NAME|PNR NO|SPICE JET|DATE|SILK AIR|DATE|RESERVED SEATS
Abhirup Sinha|DOSS|SG  197|10/10/2016|SQ 503|10/10/2016|2
dgvgv ufgf|DOSS|SG  415|1/10/2016|SQ 503|1/10/2016|1
fgdfgad rgadf|DOSS|SG  253|1/10/2016|SQ 517|1/10/2016|1
AAHIT SEN|DOSS|SG  415|12/10/2016|SQ 503|12/10/2016|3
aa aa|DOSS|SG  253|1/10/2016|SQ 517|1/10/2016|10
ydrdf hdgh|DOSS|SG  125|1/10/2016|MI 473|1/10/2016|1
jvnvhv cjjv|DOSS|SG  253|1/10/2016|SQ 517|1/10/2016|1
Abhirup Sinha|DOSS|SG  125|12/10/2016|MI 473|12/10/2016|2
Rit Gandu|DOSS|SG  415|8/11/2016|SQ 503|8/11/2016|1
Abhirup Sinha|DOSS|SG  467|11/10/2016|MI 473|11/10/2016|1
